Quartet,Singer,Voice Part
4 Blokes,Glenn Chaney,Lead
4 Blokes,Steve Cox,Bass
4 Blokes,Joe Knight,Tenor
4 Blokes,Adrian Armstrong,Baritone
4 On Demand,Peter Bryant,Lead
4 On Demand,Calvin Laverick,Bass
4 On Demand,Jamie Braham,Tenor
4 On Demand,Nick Bryant,Baritone
4getmenots,James Emery,Lead
4getmenots,Steve Derrick,Bass
4getmenots,Colin Bennett,Tenor
4getmenots,Steve Thorn,Baritone
4KiX,Ronnie Sheppard,Lead
4KiX,Mel Smith,Bass
4KiX,Giles Harvey,Tenor
4KiX,Sandy Sinclair,Baritone
4th Avenue,Rob Parnham,Lead
4th Avenue,Graham Dawes,Bass
4th Avenue,Mark Burnip,Tenor
4th Avenue,Kevan Liebling,Baritone
A Cappella Fellas,David Reid,Lead
A Cappella Fellas,John Marshall,Bass
A Cappella Fellas,Ben Kimberly,Tenor
A Cappella Fellas,Stewart Hatch,Tenor
A Cappella Fellas,Rob Evatt,Tenor
A Cappella Fellas,Sid Bennett,Baritone
A55,Rob Jones,Lead
A55,Jason Ward,Bass
A55,Lee White,Tenor
A55,Rob Bennett,Baritone
Abacus,Wayne Jackson,Lead
Abacus,Chris Bennett,Bass
Abacus,Geoff Ramsay,Tenor
Abacus,Mike Kimber,Baritone
Absent Without Leave,Norman Lilly,Lead
Absent Without Leave,John Bennett,Bass
Absent Without Leave,John Dunning,Tenor
Absent Without Leave,Dave Parkinson,Baritone
Accord,John Brough,Lead
Accord,Roy Hodge,Bass
Accord,Colin Bennett,Tenor
Accord,Henry Foster,Baritone
Afterglow,Keith Rees,Lead
Afterglow,Brian Wainwright,Bass
Afterglow,Dick Knight,Tenor
Afterglow,Roger Williams,Baritone
Alchemy,Graham Pollard,Lead
Alchemy,Don Everest,Bass
Alchemy,Paul Harrison,Tenor
Alchemy,Steve Riley,Baritone
Alias,Nick Jones,Lead
Alias,Jake Waghorn,Bass
Alias,Nigel Kearney,Tenor
Alias,John Kelsey,Baritone
Almost Gentlemen,Robin Pond,Lead
Almost Gentlemen,Tam Large,Bass
Almost Gentlemen,James Dubois,Bass
Almost Gentlemen,Derek Seldon,Bass
Almost Gentlemen,Phillip Khan-Panni,Bass
Almost Gentlemen,Nick Howell,Tenor
Almost Gentlemen,David Ellwood,Baritone
Almost Gentlemen,Julian Gulliford,Baritone
Apocappella,Julian Nichol,Lead
Apocappella,Greg Nixon,Lead
Apocappella,Dave Howe,Bass
Apocappella,John Beesley,Tenor
Apocappella,Khusro Ali Khan,Baritone
Apollo,Peter Bryant,Lead
Apollo,Jonny Beeden,Bass
Apollo,Nick Bryant,Tenor
Apollo,Mark Smith,Baritone
Arrival,Peter Riley,Lead
Arrival,John Clarke,Bass
Arrival,Tony Riley,Bass
Arrival,Simon Hunt,Tenor
Arrival,Steve Riley,Baritone
Bagatelle,Peter Dawson,Lead
Bagatelle,Simon Lee,Bass
Bagatelle,Aidan Brand,Tenor
Bagatelle,Andy Balchin,Baritone
Bandwagon,Andy Coan,Lead
Bandwagon,Jim Goldsmith,Bass
Bandwagon,Bob Devine,Tenor
Bandwagon,Glenn Goodman,Baritone
Bianco,Bob Hodgkiss,Lead
Bianco,Paul Williams,Bass
Bianco,Steve Norman,Tenor
Bianco,Terry Round,Baritone
Black Velvet,Mark Tuckey,Lead
Black Velvet,Clive Adkins,Bass
Black Velvet,Eddie Smith,Tenor
Black Velvet,Jim Field,Baritone
Bless 'Em All,Tony Langdown,Lead
Bless 'Em All,Brian Exley,Bass
Bless 'Em All,Bill Ward,Tenor
Bless 'Em All,Bruce Turner,Baritone
Blue Ray,Erik Kerr,Lead
Blue Ray,Alan Lamprell,Bass
Blue Ray,Stephen Green,Tenor
Blue Ray,Giles Ratcliffe,Baritone
Blueprint,Dave Brown,Lead
Blueprint,Timm Barkworth,Bass
Blueprint,Alex Edwards,Tenor
Blueprint,Paul Grier,Baritone
Blueprint,Tim Braham,Baritone
Bon A Chord,Robert Birch,Lead
Bon A Chord,Ian Chalmers,Bass
Bon A Chord,Benedict Birch,Tenor
Bon A Chord,Nigel Green,Baritone
Bond Street,Simon Bond,Lead
Bond Street,Keith Gerrard,Bass
Bond Street,Stephen Corr,Tenor
Bond Street,Bob Hargreaves,Baritone
Bostin' 4 A Pitch,Steve Creed,Lead
Bostin' 4 A Pitch,John Kenny,Bass
Bostin' 4 A Pitch,Simon Yeo,Tenor
Bostin' 4 A Pitch,Alan Hughes,Tenor
Bostin' 4 A Pitch,Peter Hughes,Baritone
Branded!,Chris Roberts,Lead
Branded!,Thom Box,Bass
Branded!,Mark Constable,Tenor
Branded!,Trevor Harpham,Baritone
Broadside,Alan Hooke,Lead
Broadside,Colin Fricker,Bass
Broadside,David Garrett,Bass
Broadside,Frank Wilson,Tenor
Broadside,Ken Smith,Baritone
Broadway,Bob Hodgkiss,Lead
Broadway,Paul Williams,Bass
Broadway,Stephen Buxton,Tenor
Broadway,Michael Brough,Baritone
Buzz Cut,Alastair Dinnie,Lead
Buzz Cut,John Bruce,Bass
Buzz Cut,Nick Drew,Tenor
Buzz Cut,David Sangster,Baritone
By Appointment,Paul Cousins,Lead
By Appointment,Terry Bryant,Bass
By Appointment,Ron Pike,Tenor
By Appointment,Peter Kennedy,Tenor
By Appointment,Franz Atkinson,Baritone
Cabin Crew,Dudley Stone,Lead
Cabin Crew,Hugh Sainsbury,Bass
Cabin Crew,John Dunning,Tenor
Cabin Crew,Jason Foxwell,Baritone
Cadence,Duncan Appleby,Lead
Cadence,Tom Knight,Bass
Cadence,Steve Mobsby,Tenor
Cadence,Victor Wong,Baritone
Cambridge Blues,Bob Croft,Lead
Cambridge Blues,David Farmer,Bass
Cambridge Blues,Ian James,Tenor
Cambridge Blues,John Palmer,Baritone
Cambridge Corpse Company,Bob Thornton,Lead
Cambridge Corpse Company,Greg Stevenson,Bass
Cambridge Corpse Company,Colin Marshall,Tenor
Cambridge Corpse Company,Steve Green,Baritone
Cantorum,Peter Wigington,Lead
Cantorum,Ian Brown,Bass
Cantorum,John Williams,Bass
Cantorum,Tim Sowter,Tenor
Cantorum,Frank Jans,Baritone
Catch 22,Greg Nixon,Lead
Catch 22,Paul Gordon,Bass
Catch 22,Simon Laight,Tenor
Catch 22,Andy Wheeler,Baritone
Celebration,Simon Bond,Lead
Celebration,John Clarke,Bass
Celebration,Simon Hunt,Tenor
Celebration,David Rigby,Baritone
Celebration,Jack Haslam,Baritone
Chord Almighty,David Sangwell,Lead
Chord Almighty,Rob Barber,Bass
Chord Almighty,Alex Blankley,Tenor
Chord Almighty,Torsten Hay,Baritone
Chord Bards,Bob Walker,Lead
Chord Bards,James Dubois,Bass
Chord Bards,Tam Large,Tenor
Chord Bards,Nigel Green,Baritone
Chord In The Act,Peter Morris,Lead
Chord In The Act,David Proud,Bass
Chord In The Act,Bob Bridgeman,Tenor
Chord In The Act,Richard Noyce,Baritone
Chordial Exchange,Dave Roberts,Lead
Chordial Exchange,Tom Percy,Bass
Chordial Exchange,Chris Barnes,Tenor
Chordial Exchange,Tom Riley,Baritone
Chordite,Cliff Brown,Lead
Chordite,Frank Percival,Bass
Chordite,Ian Cutler,Tenor
Chordite,Dean Whitehouse,Baritone
Chords Direct,Rob Langley-Jones,Lead
Chords Direct,Phil Leiwy,Bass
Chords Direct,Mark Soave,Tenor
Chords Direct,Ian Wilkinson,Baritone
Chords Of Steel,Paul Lally,Lead
Chords Of Steel,David Crookes,Bass
Chords Of Steel,Bob Devine,Tenor
Chords Of Steel,Glenn Goodman,Baritone
Chordwright,Tim Briggs,Lead
Chordwright,Dean Whitehouse,Bass
Chordwright,Joe Dod,Tenor
Chordwright,Steve Smith,Baritone
Class Act,Martin Baker,Lead
Class Act,Mark Grindall,Bass
Class Act,Andy Delicata,Tenor
Class Act,Giles Ratcliffe,Baritone
Classmates,John Brough,Lead
Classmates,George Badland,Bass
Classmates,Colin Williams,Tenor
Classmates,Ed Carter,Tenor
Classmates,Henry Foster,Baritone
Close Encounters,Brian Tutt,Lead
Close Encounters,John Riseborough,Bass
Close Encounters,Vaughan Dooley,Tenor
Close Encounters,Colin Maskrey,Baritone
Compass,Kenny Godsell,Lead
Compass,Simon Adams,Bass
Compass,Colin Bennett,Tenor
Compass,Neil Bennett,Baritone
Connect4,Jonathan Coulter,Lead
Connect4,Alan Carrick,Bass
Connect4,Geoff Webb,Tenor
Connect4,Les McGhee,Baritone
Contraband,Rob Jones,Lead
Contraband,Jason Jones,Bass
Contraband,Lee White,Tenor
Contraband,Rob Bennett,Baritone
Copyright,Mike Blundell,Lead
Copyright,Paul Tatton,Bass
Copyright,Nigel Kearney,Tenor
Copyright,John Kelsey,Baritone
Cordon Bleu,John Ray,Lead
Cordon Bleu,John Vaughan,Bass
Cordon Bleu,John Rayfield,Tenor
Cordon Bleu,John Weeks,Baritone
Crossfire,Duncan Whinyates,Lead
Crossfire,Andy Walker,Bass
Crossfire,Ian James,Tenor
Crossfire,Neil Firth,Baritone
Crucible,Peter Bryant,Lead
Crucible,Pat Doherty,Bass
Crucible,Neil Carrier,Tenor
Crucible,Paul Lally,Baritone
Curtain Call,Bernie Cureton,Lead
Curtain Call,John Riseborough,Bass
Curtain Call,Rod Butcher,Tenor
Curtain Call,Dale Kynaston,Baritone
D'Accord,David Moore,Lead
D'Accord,Brian Hume,Bass
D'Accord,Richard Glyn,Tenor
D'Accord,John Mallett,Baritone
dB4,Martin Baker,Lead
dB4,Paul Garrett,Bass
dB4,Andy Delicata,Tenor
dB4,Giles Ratcliffe,Baritone
Deep Blue,Colin Reid,Lead
Deep Blue,David Kennedy,Bass
Deep Blue,Duncan McKenzie,Tenor
Deep Blue,Duncan Munro,Baritone
Doghouse,Simon Littlewood,Lead
Doghouse,Mick Nadin,Bass
Doghouse,Andy Allen,Tenor
Doghouse,Matt Loukes,Baritone
Double Take,Bob Mason,Lead
Double Take,Dave Beattie,Bass
Double Take,Alf Fisher,Tenor
Double Take,Dennis Hann,Baritone
Double Take,Kevin Barnes,Baritone
Drastic Measures,Joe Hayward,Lead
Drastic Measures,Dave Barber,Bass
Drastic Measures,Jason Foxwell,Tenor
Drastic Measures,Paul Keeping,Baritone
Easy Livin',Andrew Edgley,Lead
Easy Livin',Dave Dana,Bass
Easy Livin',Jonathan Smith,Tenor
Easy Livin',Bill Payne,Baritone
Easy Street,Paul Gidney,Lead
Easy Street,Dave Whittle,Bass
Easy Street,Glen Mayoh,Tenor
Easy Street,Eddie Evans,Baritone
EKCetera,Mike Tredway,Lead
EKCetera,David Holloway,Bass
EKCetera,Matthew Meredith,Tenor
EKCetera,Lindley Gram,Baritone
Encore,Tommy Dean,Lead
Encore,Will Pickering,Bass
Encore,Tom Jarvis,Tenor
Encore,Matt Church,Baritone
Epic Atonal,Andy Macphee,Lead
Epic Atonal,Graeme Crawford,Bass
Epic Atonal,Steve Cox,Tenor
Epic Atonal,Dan Jones,Baritone
EQ,Mark Gooch,Lead
EQ,John Williams,Bass
EQ,Andrew Edgley,Tenor
EQ,Nigel Smith,Baritone
Equinox,Norman Lilly,Lead
Equinox,Don Everest,Bass
Equinox,Bob Walker,Tenor
Equinox,Richard Skilton,Baritone
Evolution,Michael Potts,Lead
Evolution,Stuart Owen,Bass
Evolution,Tony Bylett,Tenor
Evolution,Timm Barkworth,Baritone
Evolution,Geoff Unwin,Baritone
Excalibur,Brian Shaw,Lead
Excalibur,Don Everest,Bass
Excalibur,David Keep,Tenor
Excalibur,Julian Gulliford,Baritone
eXceL,Andy Salter,Lead
eXceL,Jon Dawson,Bass
eXceL,Simon Hunt,Tenor
eXceL,Dave Whittle,Baritone
Extra Time,Ian Barbeary,Lead
Extra Time,James Harris,Bass
Extra Time,Steve Creed,Tenor
Extra Time,Martyn Lapworth,Baritone
F.O.F.,Mike Riley,Lead
F.O.F.,Terry Broom,Bass
F.O.F.,Mike Shaw,Tenor
F.O.F.,Jeff Ellis,Baritone
Figaro,Peter Dawson,Lead
Figaro,Neil Horchover,Lead
Figaro,John Ward,Lead
Figaro,Rob Langley-Jones,Lead
Figaro,Richard Leatham,Bass
Figaro,Aidan Brand,Tenor
Figaro,Andy Rzysko,Baritone
Fine Blend,Terry Adamson,Lead
Fine Blend,Dean Whitehouse,Bass
Fine Blend,David Strachan,Tenor
Fine Blend,Tony Patman,Baritone
Fine Blend,Alastair Taylor-Payne,Baritone
Finest Hour,Eddie Williams,Lead
Finest Hour,Phil Cuthbert,Bass
Finest Hour,James Williams,Tenor
Finest Hour,Nick Williams,Baritone
Finest Kind,Neil Sparkes,Lead
Finest Kind,Gordon Wright,Bass
Finest Kind,Andrew Milner,Tenor
Finest Kind,John Price,Baritone
Fish & Chaps,Steve Emery,Lead
Fish & Chaps,Phil Drage,Bass
Fish & Chaps,Richard Fisher,Tenor
Fish & Chaps,Joe Knight,Baritone
Footlights,Erik Kerr,Lead
Footlights,Alan Lamprell,Bass
Footlights,Geoff Unwin,Tenor
Footlights,Tom Osmond,Tenor
Footlights,Geoff Wallen,Baritone
For Cryin' Out Loud,Alexander Wilson,Lead
For Cryin' Out Loud,David Aberdeen,Bass
For Cryin' Out Loud,Peter Bannerman,Tenor
For Cryin' Out Loud,Bill Cheyne,Baritone
Forever A Cappella,David Ellwood,Lead
Forever A Cappella,Tam Large,Bass
Forever A Cappella,Ian Chalmers,Tenor
Forever A Cappella,Nigel Green,Baritone
Forge,Peter Bryant,Lead
Forge,Paul Mason,Bass
Forge,Joe Pickin,Tenor
Forge,Andy Coan,Baritone
Formaggio,Jason Leonard,Lead
Formaggio,Paul Mason,Bass
Formaggio,Bob Devine,Tenor
Formaggio,Andy Coan,Baritone
Format,Simon Bond,Lead
Format,Paul Walters,Bass
Format,Alex Edwards,Tenor
Format,Jack Haslam,Baritone
Formidable,Jason Leonard,Lead
Formidable,Paul Mason,Bass
Formidable,Bob Devine,Tenor
Formidable,Andy Coan,Baritone
Forte,Graham Frampton,Lead
Forte,James Harris,Bass
Forte,Tim Peters,Tenor
Forte,Dave Mellon,Baritone
Four Across,Martin Kelly,Lead
Four Across,David Morris,Bass
Four Across,Ron Braid,Tenor
Four Across,Andrew Middleton,Baritone
Four Across,Kevan Liebling,Baritone
Four Blokes Singin',Glenn Chaney,Lead
Four Blokes Singin',Steve Cox,Bass
Four Blokes Singin',Chris Brady,Tenor
Four Blokes Singin',Adrian Armstrong,Baritone
Four Crying Out Loud,Alex Wilson,Lead
Four Crying Out Loud,David Aberdeen,Bass
Four Crying Out Loud,Peter Bannerman,Tenor
Four Crying Out Loud,Bill Cheyne,Baritone
Four In A Bar,Alex Nobles,Lead
Four In A Bar,Alex Hawker,Bass
Four In A Bar,Jake Wheeler,Tenor
Four In A Bar,Will Sands,Baritone
Four McHugh,Brian Tutt,Lead
Four McHugh,Denis Lax,Bass
Four McHugh,Christopher Brian,Tenor
Four McHugh,Les McGhee,Baritone
Four Of Herts,Alan Brooke,Lead
Four Of Herts,Paul Garrett,Bass
Four Of Herts,Steve Anderson,Tenor
Four Of Herts,Neil Brinkworth,Baritone
Four On The Floor,Dyrck Lamble,Lead
Four On The Floor,Steve Dumble,Bass
Four On The Floor,Antonio Galli,Tenor
Four On The Floor,Dave George,Baritone
Four Shades Of Grey,Graham Lake,Lead
Four Shades Of Grey,Ken Miles,Bass
Four Shades Of Grey,Barclay Marshall,Tenor
Four Shades Of Grey,Richard Barley,Baritone
Four Sing The Issue,Trevor Dawson,Lead
Four Sing The Issue,Gary Norman,Bass
Four Sing The Issue,Paul Jeffrey,Tenor
Four Sing The Issue,Tony Howson,Baritone
Four To The Bar,Paul Sutton,Lead
Four To The Bar,Paul Walters,Bass
Four To The Bar,Norman Ambrose,Bass
Four To The Bar,Peter Porter,Tenor
Four To The Bar,John Hardman,Baritone
Four's A Crowd,Tom Rushton,Lead
Four's A Crowd,Harry Little,Bass
Four's A Crowd,Sam Hubbard,Tenor
Four's A Crowd,Sam Williams,Baritone
Fourmation,Rob Yarnall,Lead
Fourmation,David New,Bass
Fourmation,David McLaughlan,Tenor
Fourmation,Mike Sampson,Baritone
Fourtune,Nigel Hicks,Lead
Fourtune,Steve Emery,Lead
Fourtune,Eddie Kidby,Bass
Fourtune,James Northern,Tenor
Fourtune,Maryn Dawes,Baritone
Fraggle Rock,Carl Clapham,Lead
Fraggle Rock,Dale Thompson,Bass
Fraggle Rock,Steve Mobsby,Tenor
Fraggle Rock,Eddie Whalen,Baritone
Frank'nSense'nMirth,Peter Walters,Lead
Frank'nSense'nMirth,Frank Salter,Bass
Frank'nSense'nMirth,Chris Blatchford,Tenor
Frank'nSense'nMirth,Dave Hughes,Baritone
Free Range,Geoff Titmus,Lead
Free Range,Graham Davies,Bass
Free Range,David Gamble,Tenor
Free Range,Phil Watson,Baritone
Free Spirit,Terry Adamson,Lead
Free Spirit,Les Whitworth,Bass
Free Spirit,Keith Wilkinson,Tenor
Free Spirit,Chris Brian,Tenor
Free Spirit,David Strachan,Baritone
French Connection,Geoff Plant,Lead
French Connection,Frank Salter,Bass
French Connection,Kevin Wilkinson,Tenor
French Connection,Kevan Liebling,Baritone
Fresh Approach,Dick Knight,Lead
Fresh Approach,Tom Knight,Bass
Fresh Approach,Doug Robertson,Tenor
Fresh Approach,Nigel Weatherhead,Baritone
Full Scale,Gary Wells,Lead
Full Scale,Rich Derrick,Bass
Full Scale,Mark Tedds,Tenor
Full Scale,Alan Theobold,Baritone
Fusion,Peter Walters,Lead
Fusion,Frank Salter,Bass
Fusion,Andrew Middleton,Tenor
Fusion,David Hughes,Baritone
Gentleman Jack,Bob Croft,Lead
Gentleman Jack,Mick Thurman,Bass
Gentleman Jack,Ian James,Tenor
Gentleman Jack,Peter Chapman,Baritone
Getting On,Geoff Plant,Lead
Getting On,Frank Salter,Bass
Getting On,Rob Evatt,Tenor
Getting On,Sid Bennett,Baritone
Gilt Edge,Graham Willcocks,Lead
Gilt Edge,Ian Wiseman,Bass
Gilt Edge,Jack Bird,Tenor
Gilt Edge,Roger Williams,Baritone
Good Company,Tim Peters,Lead
Good Company,Peter Wickham,Bass
Good Company,Bob Walker,Tenor
Good Company,Jim Downing,Baritone
Good Fortune,Paul Gidney,Lead
Good Fortune,Derek Hollis,Bass
Good Fortune,Glen Mayoh,Tenor
Good Fortune,Eddie Evans,Baritone
Graffiti,Terry Mansfield,Lead
Graffiti,Peter Williams,Bass
Graffiti,Nick Howell,Tenor
Graffiti,Gary Roussak,Baritone
Grand Edition,Mike McWhinney,Lead
Grand Edition,John Archer,Bass
Grand Edition,Mick Barnacle,Tenor
Grand Edition,Peter Tatham,Baritone
Green Room,Guy Dowling,Lead
Green Room,Richard Webb,Bass
Green Room,Craig Kehoe,Tenor
Green Room,Dan Course,Baritone
GSOH,David Tanner,Lead
GSOH,John Riseborough,Bass
GSOH,Peter Sayer,Tenor
GSOH,Mark Soave,Baritone
Half Eight,Doug Freeman,Lead
Half Eight,Mike Lofthouse,Bass
Half Eight,David Enness,Tenor
Half Eight,Ben Drewett,Baritone
Harmonopoly,Chris Littlewood,Lead
Harmonopoly,Tim Bagley,Bass
Harmonopoly,Joe Sprattania,Tenor
Harmonopoly,Oliver Gildea,Baritone
Harmony Express,Barry Nowell,Lead
Harmony Express,Norman Ambrose,Bass
Harmony Express,Jim Dennett,Tenor
Harmony Express,Bernard Davies,Baritone
Harry's Boat Club,Rob Barber,Lead
Harry's Boat Club,Dale Thompson,Bass
Harry's Boat Club,Alan Hughes,Tenor
Harry's Boat Club,Andy Allen,Baritone
High Definition,David Hunter,Lead
High Definition,Gordon Wright,Bass
High Definition,Andy Milner,Tenor
High Definition,John Price,Baritone
High Fidelity,Tim Taylor,Lead
High Fidelity,Mike Taylor,Bass
High Fidelity,Mike Warner,Tenor
High Fidelity,Jon Conway,Baritone
High Spirits,Richard Ellis,Lead
High Spirits,Terry Broom,Bass
High Spirits,Andy Salter,Tenor
High Spirits,Steve Hall,Baritone
High Spirits,Gary Williamson,Baritone
High Time,Keith Northrop,Lead
High Time,Roy Dawson,Bass
High Time,Steve Hall,Tenor
High Time,Laurie Whittle,Baritone
Homespun,Eddie Williams,Lead
Homespun,Nigel Williams,Bass
Homespun,James Williams,Tenor
Homespun,Nick Williams,Baritone
Hooked On Harmony,Brian Schofield,Lead
Hooked On Harmony,Gerry Burgrum,Bass
Hooked On Harmony,Derek Barton,Tenor
Hooked On Harmony,Andy Curd,Baritone
Hot Air,Norman Lilly,Lead
Hot Air,James Dubois,Bass
Hot Air,Bob Jury,Tenor
Hot Air,Neil Barton,Baritone
Hustle,Giovanni Arsciwals,Lead
Hustle,Dale Thompson,Bass
Hustle,Neil Firth,Tenor
Hustle,Scott Tatton,Baritone
Identity,Peter Bryant,Lead
Identity,George Turner,Bass
Identity,Sam Hubbard,Tenor
Identity,Ash Baker,Baritone
Impromtu,Andy Allen,Lead
Impromtu,Steve Holden,Bass
Impromtu,Nigel Boucher,Tenor
Impromtu,Tim Briggs,Baritone
Incognito,James Smith,Lead
Incognito,Colin Downie,Bass
Incognito,Duncan McKenzie,Tenor
Incognito,Michael Coumans,Baritone
iQ,Brian Schofield,Lead
iQ,Mike Taylor,Bass
iQ,Mike Warner,Tenor
iQ,Nooj,Baritone
Isis,Phil Paine,Lead
Isis,Robert Barr,Bass
Isis,Alex Russell,Tenor
Isis,Peter Leverett,Baritone
Island Engagement,Alan Sloper,Lead
Island Engagement,Stuart Sides,Bass
Island Engagement,Alan Hartley,Tenor
Island Engagement,Jon Conway,Baritone
J.A.Q.,Dyrck Lamble,Lead
J.A.Q.,Rob Sowerby,Bass
J.A.Q.,Mark Greengrass,Tenor
J.A.Q.,Pete Hills,Baritone
Jack The Cat,Walter Dods,Lead
Jack The Cat,Dougie Brown,Bass
Jack The Cat,Colin Howarth,Tenor
Jack The Cat,Geoff Stockham,Baritone
Jagged Edge,Tom Halley,Lead
Jagged Edge,Phil Leiwy,Bass
Jagged Edge,Aidan Brand,Tenor
Jagged Edge,Hamzah Baig,Baritone
Jigsaw,Steve Webber,Lead
Jigsaw,John Meehan,Bass
Jigsaw,David Morehen,Tenor
Jigsaw,Mike Vere,Baritone
Johnski Goes To Hollywood,Andy Coan,Lead
Johnski Goes To Hollywood,Julian Pieters,Bass
Johnski Goes To Hollywood,Bob Devine,Tenor
Johnski Goes To Hollywood,John Andrzejowski,Baritone
Joni Lobo,Nick Herrick,Lead
Joni Lobo,Louis Heudieres,Bass
Joni Lobo,Jon Hasell,Tenor
Joni Lobo,Bobby Ford,Baritone
Junction 33,Clive Hill,Lead
Junction 33,Steve Holden,Bass
Junction 33,Phil Bricknell,Tenor
Junction 33,Colin Maskrey,Baritone
Just In Time,David Tanner,Lead
Just In Time,Richard Curtis,Bass
Just In Time,Dick Knight,Tenor
Just In Time,Colin Maskrey,Baritone
Just Us And You,Kevin Fisher,Lead
Just Us And You,Jim Cook,Bass
Just Us And You,Derek Styles,Tenor
Just Us And You,Chas Snailham,Baritone
Knights Of Old,Don Nicholson,Lead
Knights Of Old,Bryan Jukes,Bass
Knights Of Old,Tim Bourne,Tenor
Knights Of Old,Henry Bell,Baritone
Lads 'n' Dads,Alan Hughes,Lead
Lads 'n' Dads,Roger Williams,Bass
Lads 'n' Dads,Peter Blackeby,Bass
Lads 'n' Dads,Duncan Blackeby,Tenor
Lads 'n' Dads,Peter Hughes,Baritone
Last Orders,Roger Sutton,Lead
Last Orders,James Harris,Bass
Last Orders,Paul Harrison,Tenor
Last Orders,Steve Riley,Baritone
Late Call,Peter Chapman,Lead
Late Call,Ian Russell,Bass
Late Call,Stewart Hatch,Tenor
Late Call,Keith Pover,Baritone
Lavirra,Peter Riley,Lead
Lavirra,Ken Meadows,Bass
Lavirra,Simon Hunt,Tenor
Lavirra,Steve Riley,Baritone
Legacy,Colin Barley,Lead
Legacy,Andy Funnell,Bass
Legacy,Mark Tedds,Tenor
Legacy,Martin Baglow,Baritone
Limited Company,Howard Myers,Lead
Limited Company,Stuart Wineberg,Bass
Limited Company,Clive Landey,Tenor
Limited Company,Steve Hall,Baritone
Mach 4,Tim Briggs,Lead
Mach 4,Joe White,Bass
Mach 4,Alex Kaiserman,Tenor
Mach 4,Antoine Kaiserman,Baritone
Magnum,Andy Vaughan,Lead
Magnum,Roy Hann,Bass
Magnum,Dave Griffiths,Tenor
Magnum,Chris White,Baritone
Magnum,Les Crowther,Baritone
Mancunian Way,Bob Thompson,Lead
Mancunian Way,John Kelly,Bass
Mancunian Way,Graham Frost,Tenor
Mancunian Way,John Batty,Baritone
Marc Time,Bill Martin,Lead
Marc Time,Cliff Rowe,Bass
Marc Time,Ray Bylett,Tenor
Marc Time,Alan Hinkley,Baritone
Matrix,Michael Potts,Lead
Matrix,Martin Ford,Bass
Matrix,Tony Bylett,Tenor
Matrix,Neil Firth,Baritone
MC Sqaured,Colin Barley,Lead
MC Sqaured,Martin Ford,Bass
MC Sqaured,Chris Smith,Tenor
MC Sqaured,Martin Baglow,Baritone
Meltdown,Jason Leonard,Lead
Meltdown,Paul Connolly,Bass
Meltdown,Michael Webster,Tenor
Meltdown,Rich Skilton,Baritone
Metaphor,Erik Kerr,Lead
Metaphor,David Garrett,Bass
Metaphor,Frank Wilson,Tenor
Metaphor,Kevin Barnes,Baritone
MIDA's Touch,Mike Riley,Lead
MIDA's Touch,Andy Salter,Bass
MIDA's Touch,Ian Heald,Tenor
MIDA's Touch,Dean Whitehouse,Baritone
Midlife Crisis,Terry Ash,Lead
Midlife Crisis,Brian Sperry,Bass
Midlife Crisis,Alf Fisher,Tenor
Midlife Crisis,Dennis Hann,Baritone
Midnight Bros,James Gower-Smith,Lead
Midnight Bros,Rob Foot,Bass
Midnight Bros,Sam Hubbard,Tenor
Midnight Bros,Antoine Kaiserman,Baritone
Monkey Magic,Zac Booles,Lead
Monkey Magic,Duncan Blackeby,Bass
Monkey Magic,Alan Hughes,Tenor
Monkey Magic,Joe Knight,Baritone
Music Hall International,Geoff Plant,Lead
Music Hall International,Frank Salter,Bass
Music Hall International,Mick Barnacle,Tenor
Music Hall International,Peter Tatham,Baritone
Natural Selection,Andy Salter,Lead
Natural Selection,Jon Dawson,Bass
Natural Selection,Colin Graham,Tenor
Natural Selection,Dave Whittle,Baritone
New Tricks,David Tanner,Lead
New Tricks,Jon Conway,Bass
New Tricks,Peter Kennedy,Tenor
New Tricks,John Ward,Baritone
Northern Heritage,Barry Nowell,Lead
Northern Heritage,Norman Ambrose,Bass
Northern Heritage,John Corcoran,Tenor
Northern Heritage,Bernard Davis,Baritone
Northern Quarter,Ciaran Wilson,Lead
Northern Quarter,Matt Thomas,Bass
Northern Quarter,Robert Gall,Tenor
Northern Quarter,Seb Marshall,Baritone
Odyssey,Pete Dale,Lead
Odyssey,Dennis Langworthy,Bass
Odyssey,Dave Madge,Tenor
Odyssey,Steve Hancock,Baritone
Offshore Account,Graham Mailtland,Lead
Offshore Account,Dave Pointer,Bass
Offshore Account,Gary Batchelor,Tenor
Offshore Account,Dave Bryant,Baritone
Old Gold,Peter Jones,Lead
Old Gold,Eddie Evans,Bass
Old Gold,Geoff Ramsay,Tenor
Old Gold,Mike Kimber,Baritone
On Spec,Keith Northrop,Lead
On Spec,Tom Percy,Bass
On Spec,Steve Hall,Tenor
On Spec,Richard Baker,Baritone
One Digestive,Jez Knowles,Lead
One Digestive,Nigel Cutts,Bass
One Digestive,Chas Voss,Tenor
One Digestive,Liam Buswell,Baritone
One Shot,Giovanni Arschwals,Lead
One Shot,Peter Cookson,Bass
One Shot,Alex Edwards,Tenor
One Shot,Raymond Cope,Baritone
Open Road,Andy Sinclair,Lead
Open Road,Joe Jobling,Bass
Open Road,Colin Howarth,Tenor
Open Road,Richard Morrison,Baritone
Pacemakers,Robin Pond,Lead
Pacemakers,Charles Lane,Bass
Pacemakers,David Keep,Tenor
Pacemakers,Julian Gulliford,Baritone
Pact,Colin Guizzetti,Lead
Pact,Andy Heap,Bass
Pact,Tam Large,Tenor
Pact,Phil Tobin,Baritone
Par Four,John Batty,Lead
Par Four,Tom Percy,Bass
Par Four,Phil Bricknell,Tenor
Par Four,Steve Hall,Baritone
Park Street,Alastair Hay-Plumb,Lead
Park Street,Simon Arnott,Bass
Park Street,Laurence Hasson,Tenor
Park Street,David Foot,Baritone
Phristam,Mike Brown,Lead
Phristam,Phillip Ward,Bass
Phristam,Ian Dent,Tenor
Phristam,Stuart Eels,Baritone
Pitch Invasion,Dale Kynaston,Lead
Pitch Invasion,Andy Funnell,Bass
Pitch Invasion,Rod Butcher,Tenor
Pitch Invasion,Andy Foster,Tenor
Pitch Invasion,Timm Barkworth,Baritone
Pony Express,Rick Barry,Lead
Pony Express,Martin Rayner,Bass
Pony Express,Paul Ruggles,Tenor
Pony Express,Eddie Kidby,Baritone
Portobello Road,Brian Schofield,Lead
Portobello Road,Stuart Owen,Bass
Portobello Road,Ian James,Tenor
Portobello Road,Steve Emery,Baritone
Premier Crew,Graham Frampton,Lead
Premier Crew,Richard Ellis,Bass
Premier Crew,Mike Kett,Tenor
Premier Crew,Frank Marshall,Baritone
Price Tag,Andy McPhee,Lead
Price Tag,Graeme Crawford,Bass
Price Tag,Steve Cox,Tenor
Price Tag,Dan Jones,Baritone
Prime Time,Stuart Sides,Lead
Prime Time,Stuart Owen,Bass
Prime Time,Stephen Green,Tenor
Prime Time,Jon Conway,Baritone
Proper Sound,Danny Gortler,Lead
Proper Sound,Joe O'Leary,Bass
Proper Sound,Luke Freeney,Tenor
Proper Sound,Phil Glenny,Baritone
Q. E. D.,Keith Rees,Lead
Q. E. D.,Andy Walker,Bass
Q. E. D.,Dick Knight,Tenor
Q. E. D.,Nooj,Baritone
QM,Trevor Dawson,Lead
QM,Steve Cox,Bass
QM,Paul Jeffrey,Tenor
QM,Adrian Armstrong,Baritone
Qnatural,Declan Lees-Smith,Lead
Qnatural,Alex de Bruin,Bass
Qnatural,Alex Sanctuary,Tenor
Qnatural,James Whittick,Baritone
Quadrahedron,Simon McGraw,Lead
Quadrahedron,Peter Blackeby,Bass
Quadrahedron,Ian Heald,Tenor
Quadrahedron,Dean Whitehouse,Baritone
Quadraphonic,Mike Riley,Lead
Quadraphonic,Neville Bavidge,Bass
Quadraphonic,Mike Swinbourne,Bass
Quadraphonic,Mike Shaw,Tenor
Quadraphonic,Keith Wilkinson,Baritone
Quadzilla,Rob Sawyer,Lead
Quadzilla,Jonathan Sugden,Bass
Quadzilla,Joe Pickin,Tenor
Quadzilla,Peter Bryant,Baritone
Quantum,Guy Dowling,Lead
Quantum,Jon Dawson,Bass
Quantum,Simon Hunt,Tenor
Quantum,Nooj,Baritone
QuarteTones,Guthrie Freeman,Lead
QuarteTones,Keith Rees,Lead
QuarteTones,Richard Gardner,Lead
QuarteTones,Iain Hallam,Bass
QuarteTones,Graham Harper,Tenor
QuarteTones,Alex de Bruin,Baritone
Quartz Precision,Brian Schofield,Lead
Quartz Precision,Graham Smith,Bass
Quartz Precision,Derek Barton,Tenor
Quartz Precision,Andy Clarke,Baritone
Quattro,Dave Brown,Lead
Quattro,Martin Ford,Bass
Quattro,Dave Arran,Tenor
Quattro,Tim Braham,Baritone
Quaynote Vectis,John Kerr,Lead
Quaynote Vectis,Steve Morris,Bass
Quaynote Vectis,Dave Bryant,Tenor
Quaynote Vectis,David Parkinson,Baritone
Qube,Andy Salter,Lead
Qube,Dave Whittle,Bass
Qube,David Strachan,Tenor
Qube,Tim Braham,Baritone
Qube,David Hartley,Baritone
Question Mark,Ian Ford,Lead
Question Mark,Paul Tatton,Bass
Question Mark,Nigel Kearney,Tenor
Question Mark,John Kelsey,Baritone
Regency Pride,Keith Pover,Lead
Regency Pride,Graham Smith,Bass
Regency Pride,Allan Henderson,Tenor
Regency Pride,Derek Barton,Baritone
RESOLUTION,Liam Buswell,Lead
RESOLUTION,Peter Crookson,Bass
RESOLUTION,Jez Knowles,Tenor
RESOLUTION,Philip Paine,Baritone
Retro,Chris Elliott,Lead
Retro,Peter Walters,Lead
Retro,Rob Taylor,Bass
Retro,Peter Tatham,Bass
Retro,Peter Sayer,Tenor
Retro,Peter White,Baritone
Retro,Dave Hughes,Baritone
Reunion,Martin Baker,Lead
Reunion,Paul Garrett,Bass
Reunion,Stephen Green,Tenor
Reunion,Giles Ratcliffe,Baritone
Revelation!,David Ellwood,Lead
Revelation!,Derek Seldon,Bass
Revelation!,Bob Walker,Tenor
Revelation!,Geoff Wallen,Baritone
Revised Edition,Glenn Chaney,Lead
Revised Edition,Steve Cox,Bass
Revised Edition,Chris Smith,Tenor
Revised Edition,Giles Harvey,Tenor
Revised Edition,Adrian Armstrong,Baritone
Rhapsody,Neil Sparkes,Lead
Rhapsody,Simon Hilton,Lead
Rhapsody,Tim Lynn,Bass
Rhapsody,Alan Wright,Tenor
Rhapsody,Paul Tatton,Baritone
Ripchord,Steve Rose,Lead
Ripchord,Chris Bennett,Bass
Ripchord,Andy Hodson,Tenor
Ripchord,Mick Marsden,Baritone
Rockaholix,Alan Hill,Lead
Rockaholix,Brian Callaghan,Bass
Rockaholix,Roger Wilknson,Tenor
Rockaholix,Chris Oliver,Baritone
Rough Cut,Rich Webb,Lead
Rough Cut,Paul Savage,Bass
Rough Cut,Mark Tedds,Tenor
Rough Cut,Martin Baglow,Baritone
Routemasters,Pritpal Gill,Lead
Routemasters,Li-Wen Yip,Lead
Routemasters,Stuart Butchers,Bass
Routemasters,Tom Fitch,Tenor
Routemasters,Rob Langley-Jones,Baritone
Routemasters,Khusro Ali Khan,Baritone
Routemasters,Aidan Brand,Baritone
Ru Pattie And The Jazz Quintet,Peter Bryant,Lead
Ru Pattie And The Jazz Quintet,Ru Pattie,Bass
Ru Pattie And The Jazz Quintet,Sam Hubbard,Tenor
Ru Pattie And The Jazz Quintet,Nick Bryant,Baritone
Savannah,Graham Frampton,Lead
Savannah,Ed Dolan,Bass
Savannah,Jon Perry,Tenor
Savannah,Pat Deeble,Tenor
Savannah,Frank Marshall,Baritone
Savannah,Jeff Click,Baritone
Scarboro Fair,Peter Chapman,Lead
Scarboro Fair,Thom Box,Bass
Scarboro Fair,Geoff Unwin,Tenor
Scarboro Fair,Tony Drewitt,Baritone
Sharp Practice,Steve Emery,Lead
Sharp Practice,Keith Hirst,Bass
Sharp Practice,James Norhern,Tenor
Sharp Practice,Nigel Hicks,Baritone
Shockwave,Dave Brown,Lead
Shockwave,Graham Davies,Bass
Shockwave,Tony Bylett,Tenor
Shockwave,Paul Grier,Baritone
Shoreline,Steve Mowatt,Lead
Shoreline,Stephen Derrick,Bass
Shoreline,Izaac Stanley,Tenor
Shoreline,Steve Thorn,Baritone
Short Back And Sides,Chris Lombard,Lead
Short Back And Sides,Charlie Lamont,Bass
Short Back And Sides,Tom Dunnett,Tenor
Short Back And Sides,Steve Martin,Baritone
SHQ,Andy Salter,Lead
SHQ,Duncan Blackeby,Bass
SHQ,Mike Shaw,Tenor
SHQ,Dean Whitehouse,Baritone
SHQ Too,Mike Riley,Lead
SHQ Too,Peter Blackeby,Bass
SHQ Too,Mike Shaw,Tenor
SHQ Too,Dean Whitehouse,Baritone
Similin' Thru,Dave Brown,Lead
Similin' Thru,Steve Holden,Bass
Similin' Thru,Russ Beeden,Tenor
Similin' Thru,Paul Grier,Baritone
Soclose,Tony Hawley,Lead
Soclose,Ian Smith,Bass
Soclose,Mervyn Thomas,Tenor
Soclose,Sid Bennett,Baritone
Something For The Weekend,Simon Littlewood,Lead
Something For The Weekend,Ben Sindall,Bass
Something For The Weekend,Russ Beeden,Tenor
Something For The Weekend,Matt Loukes,Baritone
Sons Of Harmony,Steve Riley,Lead
Sons Of Harmony,James Dubois,Bass
Sons Of Harmony,Bob Walker,Tenor
Sons Of Harmony,Andy Wheeler,Baritone
Sound Assembly,Bernie Cureton,Lead
Sound Assembly,Martin Ford,Bass
Sound Assembly,Rod Butcher,Tenor
Sound Assembly,Martin Flory,Baritone
Sound Basis,Colin Guizzetti,Lead
Sound Basis,John Higgins,Bass
Sound Basis,Tam Large,Tenor
Sound Basis,Paul Gardner,Baritone
Sound Byte,Andrew Clayton,Lead
Sound Byte,Dave Rigby,Bass
Sound Byte,Mike Hancock,Tenor
Sound Byte,John Clarke,Baritone
Sound Crew,Dale Kynaston,Lead
Sound Crew,Andy Funnell,Bass
Sound Crew,Simon Howell,Bass
Sound Crew,Andy Foster,Tenor
Sound Crew,Tom Wilkin,Baritone
Soundcheck,Paul Gidney,Lead
Soundcheck,John Clarke,Bass
Soundcheck,Alan Wright,Tenor
Soundcheck,Jack Haslam,Baritone
Sounds Easy,John Edwards,Lead
Sounds Easy,Barrie Bridgeman,Bass
Sounds Easy,John Bainbridge,Tenor
Sounds Easy,Graham Cox,Baritone
Soundsfun,Syd Kay,Lead
Soundsfun,Mike Ingham,Bass
Soundsfun,John Humphries,Tenor
Soundsfun,Peter Porter,Baritone
South Parade,Dean Whitehouse,Lead
South Parade,Peter Blackeby,Bass
South Parade,Andy Salter,Tenor
South Parade,Paul Grier,Baritone
Southern Brand,Colin Couves,Lead
Southern Brand,Don Booker,Bass
Southern Brand,Alan Lamprell,Tenor
Southern Brand,Ian Quinn,Baritone
Southern Heritage,Alan Hill,Lead
Southern Heritage,Brian Callaghan,Bass
Southern Heritage,Roger Wilkinson,Tenor
Southern Heritage,Chris Oliver,Baritone
Southern Lights,Mike Brown,Lead
Southern Lights,Steven Neck,Bass
Southern Lights,Terry Luscombe,Tenor
Southern Lights,Peter Stock,Baritone
Sparks,John Ward,Lead
Sparks,Steven Neck,Bass
Sparks,Hayden Cole,Tenor
Sparks,Ian Saxby,Baritone
Special Blend,Chris Whyman,Lead
Special Blend,Rob Whyman,Bass
Special Blend,Mick Whyman,Tenor
Special Blend,Ron Morris,Baritone
Speculation,Mike Dowd,Lead
Speculation,Denis Lax,Bass
Speculation,Chris Brian,Tenor
Speculation,Jeff Ellis,Baritone
Spirit FM,John Clitheroe,Lead
Spirit FM,Les Whitworth,Bass
Spirit FM,Chris Brian,Tenor
Spirit FM,Ken Wilkinson,Baritone
Spotlight,John Ward,Lead
Spotlight,Mike Taylor,Bass
Spotlight,Derek Barton,Tenor
Spotlight,Tim Taylor,Baritone
Star Shine,Bob Walker,Lead
Star Shine,James Dubois,Bass
Star Shine,Michael Zeffman,Tenor
Star Shine,David Parkinson,Baritone
Steel,Keith Rees,Lead
Steel,Andy Funnell,Bass
Steel,Andy Foster,Tenor
Steel,Nooj,Baritone
Stepping Out,David Ellwood,Lead
Stepping Out,John Higgins,Bass
Stepping Out,Brian Shorrocks,Tenor
Stepping Out,Nigel Green,Baritone
Streetwise,Richard Cox,Lead
Streetwise,Nick Graves,Bass
Streetwise,Alan White,Tenor
Streetwise,Kevin Coughlan,Baritone
Student Unison,Andy Davies,Lead
Student Unison,Peter Shipway,Bass
Student Unison,Richard Platt,Tenor
Student Unison,Tomos Gwyn,Baritone
Tagline,James Gower-Smith,Lead
Tagline,Rob Foot,Bass
Tagline,Ben Ferguson,Tenor
Tagline,Chris Langworthy,Baritone
Take Note,Lawrence Friend,Lead
Take Note,John Hinton,Bass
Take Note,Peter Soole,Tenor
Take Note,Brian Cook,Baritone
Talk Of The Town,Keith Northrop,Lead
Talk Of The Town,Roy Dawson,Bass
Talk Of The Town,David Tanner,Tenor
Talk Of The Town,John Ward,Baritone
Team Spirit,Andy Curd,Lead
Team Spirit,Gerry Burgrum,Bass
Team Spirit,Peter Kennedy,Tenor
Team Spirit,Neil Watkins,Baritone
The 4Tune Seekers,Robin Pond,Lead
The 4Tune Seekers,David Waterhouse,Bass
The 4Tune Seekers,John Drummer,Tenor
The 4Tune Seekers,David James,Baritone
The Accidentals,Ben Northam,Lead
The Accidentals,Joe Lynock,Bass
The Accidentals,Billy Penny,Tenor
The Accidentals,Joe Savage,Baritone
The Amazing Greys,Brian Tutt,Lead
The Amazing Greys,Mick Nadin,Bass
The Amazing Greys,Bob Devine,Tenor
The Amazing Greys,Colin Maskrey,Baritone
The Associates,Peter Chapman,Lead
The Associates,Ian Russell,Bass
The Associates,Mark Constable,Tenor
The Associates,Simon Peyton-Jones,Baritone
The Back Room Boys,Geoff Plant,Lead
The Back Room Boys,Frank Salter,Bass
The Back Room Boys,Zac Booles,Tenor
The Back Room Boys,Chris Blatchford,Tenor
The Back Room Boys,Peter Walters,Baritone
The Back Room Boys,Dave Hughes,Baritone
The Barrytones,Nick Carter,Lead
The Barrytones,Bob Watkin,Bass
The Barrytones,Barry Nowell,Tenor
The Barrytones,Colin Carter,Baritone
The Brit Pack,Keith Rees,Lead
The Brit Pack,Jon Dawson,Bass
The Brit Pack,Alex Sanctuary,Tenor
The Brit Pack,Nooj,Baritone
The Business,Gary Evans,Lead
The Business,Chris Schrier,Bass
The Business,James Porter,Tenor
The Business,Andy Rzysko,Baritone
The Cotton Buddies,Mike O'Neill,Lead
The Cotton Buddies,Ken Meadows,Bass
The Cotton Buddies,Nick Howell,Tenor
The Cotton Buddies,Jack Haslam,Baritone
The Daydreamers,John Aldridge,Lead
The Daydreamers,Glyn Jones,Bass
The Daydreamers,Chris Glover,Tenor
The Daydreamers,Graham Ness,Baritone
The Emerald Guard,Tim Briggs,Lead
The Emerald Guard,Duncan Blackeby,Bass
The Emerald Guard,Antoine Kaiserman,Tenor
The Emerald Guard,Andy Allen,Baritone
The Five Bridge Four,Bill Gilles,Lead
The Five Bridge Four,Keith Murray,Bass
The Five Bridge Four,Ron Hope,Tenor
The Five Bridge Four,Jack Dutton,Baritone
The Fourtunaires,Bob Walker,Lead
The Fourtunaires,George Parish,Bass
The Fourtunaires,Brian Shorrocks,Tenor
The Fourtunaires,Colin Barnaby,Baritone
The Geysers,Peter Chapman,Lead
The Geysers,Rob Taylor,Bass
The Geysers,Mick Thurman,Bass
The Geysers,Mark Constable,Tenor
The Geysers,Dave Hughes,Baritone
The Geysers,Simon Hilton,Baritone
The Grand Dads,Rob Parnham,Lead
The Grand Dads,Rob Taylor,Bass
The Grand Dads,Mick Barnacle,Tenor
The Grand Dads,Dave Hughes,Baritone
The Late Shift,Don Nicholson,Lead
The Late Shift,Bryan Jukes,Bass
The Late Shift,Mike Abbott,Tenor
The Late Shift,Henry Bell,Baritone
The Light Industrial Choral Society,Brian Schofield,Lead
The Light Industrial Choral Society,Graham Davies,Bass
The Light Industrial Choral Society,Geoff Unwin,Tenor
The Light Industrial Choral Society,Andy Foster,Tenor
The Light Industrial Choral Society,Andy Clarke,Baritone
The Likely Lads,Lee Sperry,Lead
The Likely Lads,Rob Barber,Bass
The Likely Lads,Duncan Whinyates,Tenor
The Likely Lads,Tim Braham,Baritone
The Locksmiths,Simon Lubkowski,Lead
The Locksmiths,Andy Walker,Bass
The Locksmiths,Richard Fisher,Tenor
The Locksmiths,Zac Booles,Baritone
The Manor Tops,Alastair Smith,Lead
The Manor Tops,Martin Harrison,Bass
The Manor Tops,Neil Carrier,Tenor
The Manor Tops,Paul Dalpra,Baritone
The Marksmen,Alan Peach,Lead
The Marksmen,Mike Braham,Bass
The Marksmen,Roger Mitchell,Tenor
The Marksmen,Keith Rayner,Baritone
The Moondogs,Jonny Coulter,Lead
The Moondogs,Joe White,Bass
The Moondogs,Peter Blackeby,Bass
The Moondogs,Mike Swinbourne,Bass
The Moondogs,Vaughan Dooley,Tenor
The Moondogs,Dean Whitehouse,Baritone
The Need For Swede,Henrik Rosenberg,Lead
The Need For Swede,Rob Barber,Bass
The Need For Swede,Stephen Cox,Tenor
The Need For Swede,Jake Waghorn,Baritone
The Newtown Ringers,Don Amos,Lead
The Newtown Ringers,Bob Witherington,Bass
The Newtown Ringers,Bill Hilton,Tenor
The Newtown Ringers,Mike Watts,Baritone
The Pantones,Andy Hacker,Lead
The Pantones,Phil Leiwy,Bass
The Pantones,Aidan Brand,Tenor
The Pantones,Julian Nichol,Baritone
The Perfect Pitchers,Danny Gortler,Lead
The Perfect Pitchers,Joe O'Leary,Bass
The Perfect Pitchers,Luke Freeney,Tenor
The Perfect Pitchers,Josh Betley,Baritone
The PostMen,Mark Smith,Lead
The PostMen,Jonny Beeden,Bass
The PostMen,Nick Pawley,Tenor
The PostMen,Nik Robinson,Baritone
The Quadranauts,Bill Payne,Lead
The Quadranauts,Tom Jeffries,Bass
The Quadranauts,Martyn Lapworth,Tenor
The Quadranauts,Andy Douglas,Baritone
The Questionables,Duncan Whinyates,Lead
The Questionables,Duncan Blackeby,Bass
The Questionables,Carl Bryant,Tenor
The Questionables,Craig Kehoe,Baritone
The Ringleaders,Bob Walker,Lead
The Ringleaders,Bill Little,Bass
The Ringleaders,Paul Wren,Tenor
The Ringleaders,Ron Avis,Baritone
The Royal Males,Bob Walker,Lead
The Royal Males,James Dubois,Bass
The Royal Males,Michael Webster,Tenor
The Royal Males,Richard Skilton,Baritone
The Serious Chord Squad,John Palmer,Lead
The Serious Chord Squad,Richard Mills,Bass
The Serious Chord Squad,Bob Walker,Tenor
The Serious Chord Squad,Ian James,Tenor
The Serious Chord Squad,Frank Marshall,Baritone
The Simpletones,Simon Lubkowski,Lead
The Simpletones,Ian White,Bass
The Simpletones,Nick Pawley,Tenor
The Simpletones,Nik Robinson,Baritone
The Sober Tones,Matt Bateman,Lead
The Sober Tones,Phil Drage,Bass
The Sober Tones,Mervyn Thomas,Tenor
The Sober Tones,Rob Thomas,Baritone
The Stunt Monkeys,Dave Peters,Lead
The Stunt Monkeys,Dave Whittle,Bass
The Stunt Monkeys,Gordon Citrine,Tenor
The Stunt Monkeys,Tim Braham,Baritone
The Tagpipes,Shaun McCormack,Lead
The Tagpipes,Nick Drew,Bass
The Tagpipes,Callum Rickard,Tenor
The Tagpipes,David Sangster,Baritone
The Travellers,Tony Parton,Lead
The Travellers,John Kenny,Bass
The Travellers,Andy Woolley,Tenor
The Travellers,Derek Harris,Baritone
The Troubadours,Andy McPhee,Lead
The Troubadours,Rob Barber,Bass
The Troubadours,Steve Cox,Tenor
The Troubadours,Dan Course,Baritone
The UniSons,Robert Reed,Lead
The UniSons,Nick Hoare,Bass
The UniSons,Josh Smith,Tenor
The UniSons,Jonathan Pipe,Baritone
The Whole Nine Yards,Peter Chapman,Lead
The Whole Nine Yards,Mick Thurman,Bass
The Whole Nine Yards,Mark Constable,Tenor
The Whole Nine Yards,Simon Peyton-Jones,Baritone
The Works,Brian Schofield,Lead
The Works,Martin Ford,Bass
The Works,Mike Warner,Tenor
The Works,John Palmer,Baritone
This Way Up,Zac Booles,Lead
This Way Up,Rob Barber,Bass
This Way Up,Alan Hughes,Tenor
This Way Up,Andy Foster,Baritone
Three 'n' Easy,Paul Gidney,Lead
Three 'n' Easy,John Clarke,Bass
Three 'n' Easy,Gary Roussak,Tenor
Three 'n' Easy,Paul Tatton,Baritone
Time Out,Andrew Edgley,Lead
Time Out,Bill Payne,Bass
Time Out,Simon Hilton,Tenor
Time Out,Gerry Cadge,Baritone
Times Square,Tony Barnes,Lead
Times Square,Geoff Packwood,Bass
Times Square,Vaughan Dooley,Tenor
Times Square,Richard Curtis,Baritone
Tonic,Mark Gland,Lead
Tonic,Alex de Bruin,Lead
Tonic,Ian Maslen,Bass
Tonic,Craig Kehoe,Tenor
Tonic,Alex Sanctuary,Tenor
Tonic,Paul Hargest,Baritone
Top C,John Lewis,Lead
Top C,Fred Smith,Bass
Top C,John Riley,Tenor
Top C,Jim Pollock,Baritone
TQ7,Andrew Vaughn,Lead
TQ7,Roy Hann,Bass
TQ7,David Griffiths,Tenor
TQ7,Gary Rowe,Baritone
Trailblazers,Alistair Hay-Plumb,Lead
Trailblazers,Simon Arnott,Bass
Trailblazers,Alex Sanctuary,Tenor
Trailblazers,Nick Jones,Baritone
Transatlantic Connection,Wayne Jackson,Lead
Transatlantic Connection,Dave Beattie,Bass
Transatlantic Connection,Noel Whinyates,Bass
Transatlantic Connection,Jeremy Reynolds,Tenor
Transatlantic Connection,Richard Thomas,Tenor
Transatlantic Connection,Tony Moore,Baritone
Transatlantic Connection,Gordon Citrine,Baritone
True Colours,Neil Sparkes,Lead
True Colours,Noel Whinyates,Bass
True Colours,Steve Mobsby,Tenor
True Colours,Gordon Citrine,Baritone
Ultra Sound,Dave Brown,Lead
Ultra Sound,Dave Whittle,Bass
Ultra Sound,Russ Beeden,Tenor
Ultra Sound,Tim Braham,Baritone
Unbreakable,Scott Tatton,Lead
Unbreakable,Tom Riley,Bass
Unbreakable,Dale Thompson,Bass
Unbreakable,Ian Ford,Tenor
Unbreakable,Paul Tatton,Baritone
Union Square,Dyrck Lamble,Lead
Union Square,Rob Sowerby,Bass
Union Square,Mark Greengrass,Tenor
Union Square,Pete Hills,Baritone
Usual Suspects,Dave Brown,Lead
Usual Suspects,Tony Riley,Bass
Usual Suspects,Alex Edwards,Tenor
Usual Suspects,Tim Braham,Baritone
Velvet Blue,Tom Osmond,Lead
Velvet Blue,Jerry Cadge,Bass
Velvet Blue,Mark Constable,Tenor
Velvet Blue,Andrew Edgley,Baritone
Vintage Spirit,Brian Tutt,Lead
Vintage Spirit,Chris Bennett,Bass
Vintage Spirit,Mike Tasker,Tenor
Vintage Spirit,Terry Burns,Baritone
Vocal Alchemy,Paul Clay,Lead
Vocal Alchemy,Chris Shannon,Bass
Vocal Alchemy,David Gamble,Tenor
Vocal Alchemy,Steve Gill,Baritone
Vocal Harmony,Dave Roberts,Lead
Vocal Harmony,Tim Lynn,Bass
Vocal Harmony,Alan Wright,Tenor
Vocal Harmony,Paul Tatton,Baritone
Vocal Icing,Hugh Sainsbury,Lead
Vocal Icing,Stephen Dumble,Bass
Vocal Icing,David Wood,Tenor
Vocal Icing,David George,Baritone
Vocal Instinct,Andrew Edgley,Lead
Vocal Instinct,Simon Howell,Bass
Vocal Instinct,Peter Kennedy,Tenor
Vocal Instinct,Bill Payne,Baritone
Vocal IV,Mervyn Clark,Lead
Vocal IV,Phillip Ward,Bass
Vocal IV,Ian Dent,Tenor
Vocal IV,Stuart Eels,Baritone
Vocale,Brian Shaw,Lead
Vocale,Mark Grindall,Bass
Vocale,Geoff Unwin,Tenor
Vocale,Phil Watson,Baritone
Voice Male,Jack Willoughby,Lead
Voice Male,Charlie Gates,Bass
Voice Male,Bill Hilton,Tenor
Voice Male,Tim Sowter,Tenor
Voice Male,Charlie Gates,Baritone
Vox,Steve Emery,Lead
Vox,Keith Hirts,Bass
Vox,Mark Grindall,Bass
Vox,Richard Fisher,Tenor
Vox,Graham Knowles,Baritone
Wharfdale Accord,Tony Waye,Lead
Wharfdale Accord,Godfrey Churchouse,Bass
Wharfdale Accord,Peter Johnson,Tenor
Wharfdale Accord,Keith Barker,Baritone
Wheel Of Harmony,Nick Aiuto,Lead
Wheel Of Harmony,Derek Seldon,Bass
Wheel Of Harmony,David Wood,Tenor
Wheel Of Harmony,Frank Marshall,Baritone
Why Not Now?,Chris Higton,Lead
Why Not Now?,Steve Riley,Lead
Why Not Now?,Matt Akesson,Bass
Why Not Now?,Michael Zeffman,Tenor
Why Not Now?,Nick Jones,Baritone
Work In Progress,Nigel Woner-Phillips,Lead
Work In Progress,Dave Colner,Bass
Work In Progress,Tony White,Tenor
Work In Progress,Brian Millbank,Baritone
X STREME,Pete Dowling,Lead
X STREME,Tony Wright,Bass
X STREME,Rob Evatt,Tenor
X STREME,Sid Bennett,Baritone
YOUTHLESS,Alan Hill,Lead
YOUTHLESS,Brian Callaghan,Bass
YOUTHLESS,Martin Procter,Tenor
YOUTHLESS,Peter Leverett,Baritone
